0,1
谈天说地,i
社区,n
自由,a
从头越,d
政经,n
天下事,n
观察,v
围观,n
共同,d
民主自由,n
晴空,nz
中華,ns
語音,n
笑话,n
二世,nrt
中国,ns
分享,v
视频,n
宪政,n
搞笑,v
音乐,n
目标,n
史地,n
驿站,n
华夏,ns
幽默,a
促进会,v
聊天,nz
自由自在,i
图文,n
人权,n
蜀国,ns
贾敬龙,nr
熊飞骏,nr
民主,n
习撒币,n
习包子,n
共匪,n
贪污,v
腐败,v
五毛,n
圣人,n
真实,d
选择,v
联邦,n
普世,v
子君,n
新浪潮,n
网易时事,d
青菜客栈,n
興趣羣,n
晓松奇谈,n
精英荟萃,n
苍山议政,n
錢江大潮,n
农垦家园,n
访民,n
启蒙,n
三权分立,n
唐朝,n
画未来,n
阳光心语,n
天图,n
格物致知,n
活化石,n
揭露,n
黄埔,n
呡国,n
美国,n
mz,n
良知,n
国民党,n
风云变幻,n
大陆,n
天下为公,n
台湾,n
共同目标,n
海阔天空,n
萬歲,n
下岗工人,n
同心,n
紫光阁,n
天民,n
张无忌,n
